"Experiment","Citation","Depth","Sample.date","Time.(years)","ambient.CO2.(mean).g.C.m-2","increased.CO2.(mean).g.C.m-2","ambient.CO2.(number)","increased.CO2.(number)","Description.of.data.source","Value.treatment"
"ArizonaFACE - wheat - high N","Leavitt et al. 2001","0-15 cm","nov. 1995",0,1292.84,1172.4,4,4,"fig. 3","assumed BD= 1.48 g/cm3 (Post et al. 1988)"
"ArizonaFACE - wheat - high N","Leavitt et al. 2001","0-15 cm","may 1996",0.5,1453.08,1350.36,4,4,"fig. 3","assumed BD= 1.48 g/cm3 (Post et al. 1988)"
"ArizonaFACE - wheat - high N","Leavitt et al. 2001","0-15 cm","dec. 1996",1,1312.56,1176.92,4,4,"fig. 3","assumed BD= 1.48 g/cm3 (Post et al. 1988)"
"ArizonaFACE - wheat - high N","Leavitt et al. 2001","0-15 cm","may 1997",1.5,1246,1472.08,4,4,"fig. 3","assumed BD= 1.48 g/cm3 (Post et al. 1988)"
"Biosphere 2","Trueman and  Gonzalez-Meler 2005","0-25 cm","average 1999",0,5863,6391.43421052631,1,1,"fig. 3","bulk density: 0.91 g/cm3 for ambient, 0.97 for 800 ppm (table 2)"
"Biosphere 2","Trueman and  Gonzalez-Meler 2005","0-25 cm","average 2000",1,5255.57142857143,4698.13157894737,1,1,"fig. 3","bulk density: 0.91 g/cm3 for ambient, 0.97 for 800 ppm (table 2)"
"Biosphere 2","Trueman and  Gonzalez-Meler 2005","0-25 cm","average 2001",2,6145.09090909091,4790.76608187134,1,1,"fig. 3","bulk density: 0.91 g/cm3 for ambient, 0.97 for 800 ppm (table 2)"
"Biosphere 2","Trueman and  Gonzalez-Meler 2005","0-25 cm","average 2002",3,5433,4159.78947368421,1,1,"fig. 3","bulk density: 0.91 g/cm3 for ambient, 0.97 for 800 ppm (table 2)"
"Biosphere 2","Trueman and  Gonzalez-Meler 2005","0-25 cm","average 2003",4,5266,4296.35087719298,1,1,"fig. 3","bulk density: 0.91 g/cm3 for ambient, 0.97 for 800 ppm (table 2)"
"China FACE - low N","Zhong et al. 2009","0-15 cm","mar. 2008",3.66,1910.62,2170.4,3,3,"table 1","bulk density: 1.16 g/cm3 f(text)"
"China FACE - low N","Zhong et al. 2009","0-15 cm","jun. 2008",4,1889.62,2186.8,3,3,"table 1","bulk density: 1.16 g/cm3 f(text)"
"China FACE - high N","Zhong et al. 2009","0-15 cm","mar. 2008",3.66,1889.18,2195.98,3,3,"table 1","bulk density: 1.16 g/cm3 f(text)"
"China FACE - high N","Zhong et al. 2009","0-15 cm","jun. 2008",4,1847.62,2164.4,3,3,"table 1","bulk density: 1.16 g/cm3 f(text)"
"China OTC - low N","Liu et al. 2010","0-20 cm","jul. 2005",0.33,1174.17123287671,1143.46153846154,2,3,"fig. 3","bulk density estimated from final soil C contents (text, page 733 and fig. 3)"
"China OTC - low N","Liu et al. 2010","0-20 cm","nov. 2005",0.666,1007.6301369863,1022.92307692308,2,3,"fig. 3","bulk density estimated from final soil C contents (text, page 733 and fig. 3)"
"China OTC - low N","Liu et al. 2010","0-20 cm","apr. 2006",1,1881.17808219178,2421.61538461538,2,3,"fig. 3","bulk density estimated from final soil C contents (text, page 733 and fig. 3)"
"China OTC - low N","Liu et al. 2010","0-20 cm","aug. 2006",1.33,2380.91095890411,2189.69230769231,2,3,"fig. 3","bulk density estimated from final soil C contents (text, page 733 and fig. 3)"
"China OTC - low N","Liu et al. 2010","0-20 cm","nov. 2006",1.66,2079.00342465753,1952.76923076923,2,3,"fig. 3","bulk density estimated from final soil C contents (text, page 733 and fig. 3)"
"China OTC - low N","Liu et al. 2010","0-20 cm","apr. 2007",2,2335.47945205479,2249.15384615385,2,3,"fig. 3","bulk density estimated from final soil C contents (text, page 733 and fig. 3)"
"China OTC - low N","Liu et al. 2010","0-20 cm","aug. 2007",2.33,2186.62671232877,2321.76923076923,2,3,"fig. 3","bulk density estimated from final soil C contents (text, page 733 and fig. 3)"
"China OTC - low N","Liu et al. 2010","0-20 cm","nov. 2007",2.66,2063.28767123288,2149.07692307692,2,3,"fig. 3","bulk density estimated from final soil C contents (text, page 733 and fig. 3)"
"China OTC - low N","Liu et al. 2010","0-20 cm","apr. 2008",3,3691.70547945206,3355.61538461538,2,3,"fig. 3","bulk density estimated from final soil C contents (text, page 733 and fig. 3)"
"China OTC - low N","Liu et al. 2010","0-20 cm","aug. 2008",3.33,3281.22945205479,3264.84615384615,2,3,"fig. 3","bulk density estimated from final soil C contents (text, page 733 and fig. 3)"
"China OTC - low N","Liu et al. 2010","0-20 cm","nov. 2008",3.66,3220,3483,2,3,"fig. 3","bulk density estimated from final soil C contents (text, page 733 and fig. 3)"
"China OTC - high N","Liu et al. 2010","0-20 cm","jul. 2005",0.33,1183.70588235294,1113.06779661017,2,3,"fig. 3","bulk density estimated from final soil C contents (text, page 733 and fig. 3)"
"China OTC - high N","Liu et al. 2010","0-20 cm","nov. 2005",0.666,977.970588235294,1341.49152542373,2,3,"fig. 3","bulk density estimated from final soil C contents (text, page 733 and fig. 3)"
"China OTC - high N","Liu et al. 2010","0-20 cm","apr. 2006",1,1955.70588235294,2347.64406779661,2,3,"fig. 3","bulk density estimated from final soil C contents (text, page 733 and fig. 3)"
"China OTC - high N","Liu et al. 2010","0-20 cm","aug. 2006",1.33,1885.14705882353,2464.59322033898,2,3,"fig. 3","bulk density estimated from final soil C contents (text, page 733 and fig. 3)"
"China OTC - high N","Liu et al. 2010","0-20 cm","nov. 2006",1.66,1528.64705882353,3142.89830508475,2,3,"fig. 3","bulk density estimated from final soil C contents (text, page 733 and fig. 3)"
"China OTC - high N","Liu et al. 2010","0-20 cm","apr. 2007",2,1946.47058823529,3108.40677966102,2,3,"fig. 3","bulk density estimated from final soil C contents (text, page 733 and fig. 3)"
"China OTC - high N","Liu et al. 2010","0-20 cm","aug. 2007",2.33,2200.76470588235,2724.01694915254,2,3,"fig. 3","bulk density estimated from final soil C contents (text, page 733 and fig. 3)"
"China OTC - high N","Liu et al. 2010","0-20 cm","nov. 2007",2.66,2242,2652.52542372881,2,3,"fig. 3","bulk density estimated from final soil C contents (text, page 733 and fig. 3)"
"China OTC - high N","Liu et al. 2010","0-20 cm","apr. 2008",3,3666.11764705882,3850.57627118644,2,3,"fig. 3","bulk density estimated from final soil C contents (text, page 733 and fig. 3)"
"China OTC - high N","Liu et al. 2010","0-20 cm","aug. 2008",3.33,3535.67647058824,4253.74576271186,2,3,"fig. 3","bulk density estimated from final soil C contents (text, page 733 and fig. 3)"
"China OTC - high N","Liu et al. 2010","0-20 cm","nov. 2008",3.66,3598,4088,2,3,"fig. 3","bulk density estimated from final soil C contents (text, page 733 and fig. 3)"
"FACTS I","Lichter et al. 2008","0-15 cm","aug. 1996",0,1889,2194,3,3,"tab. 3",NA
"FACTS I","Lichter et al. 2008","0-15 cm","oct. 1999",3.17,1855,2258,3,3,"tab. 3",NA
"FACTS I","Lichter et al. 2008","0-15 cm","aug. 2002",6,2466,2712,3,3,"tab. 3",NA
"FACTS I","Lichter et al. 2008","0-15 cm","aug. 2006",9,2229,2024,3,3,"tab. 3",NA
"FACTS II - Aspen","Talhelm et al. 2009","0-10 cm","2001",4,3545.07,3489.4,3,3,"pers. comm.",NA
"FACTS II - Aspen","Talhelm et al. 2009","0-10 cm","2003",6,3533.22,4383.77,3,3,"pers. comm.",NA
"FACTS II - Aspen","Talhelm et al. 2009","0-10 cm","2004",7,3263.48,3285.64,3,3,"pers. comm.",NA
"FACTS II - Aspen","Talhelm et al. 2009","0-10 cm","2005",8,3695.46,3453.22,3,3,"pers. comm.",NA
"FACTS II - Aspen","Talhelm et al. 2009","0-10 cm","2006",9,4209.47,3939.68,3,3,"pers. comm.",NA
"FACTS II - Aspen","Talhelm et al. 2009","0-10 cm","2007",10,4303.51,3702.06,3,3,"pers. comm.",NA
"FACTS II - Aspen","Talhelm et al. 2009","0-10 cm","2008",11,5195.87,3190.47,3,3,"pers. comm.",NA
"FACTS II - Aspen (+O3)","Talhelm et al. 2009","0-10 cm","2001",4,3103.54,3257.43,3,3,"pers. comm.",NA
"FACTS II - Aspen (+O3)","Talhelm et al. 2009","0-10 cm","2003",6,2990.8,3398.24,3,3,"pers. comm.",NA
"FACTS II - Aspen (+O3)","Talhelm et al. 2009","0-10 cm","2004",7,3454.36,2794.18,3,3,"pers. comm.",NA
"FACTS II - Aspen (+O3)","Talhelm et al. 2009","0-10 cm","2005",8,3890.14,2971.98,3,3,"pers. comm.",NA
"FACTS II - Aspen (+O3)","Talhelm et al. 2009","0-10 cm","2006",9,4105.97,3409.45,3,3,"pers. comm.",NA
"FACTS II - Aspen (+O3)","Talhelm et al. 2009","0-10 cm","2007",10,4463.11,3301.49,3,3,"pers. comm.",NA
"FACTS II - Aspen (+O3)","Talhelm et al. 2009","0-10 cm","2008",11,4745.79,3126.94,3,3,"pers. comm.",NA
"FACTS II - Aspen/Birch","Talhelm et al. 2009","0-10 cm","2001",4,3265.05,3836.81,3,3,"pers. comm.",NA
"FACTS II - Aspen/Birch","Talhelm et al. 2009","0-10 cm","2003",6,3391.32,3255.32,3,3,"pers. comm.",NA
"FACTS II - Aspen/Birch","Talhelm et al. 2009","0-10 cm","2004",7,3395.67,3542.47,3,3,"pers. comm.",NA
"FACTS II - Aspen/Birch","Talhelm et al. 2009","0-10 cm","2005",8,3683.93,3449.28,3,3,"pers. comm.",NA
"FACTS II - Aspen/Birch","Talhelm et al. 2009","0-10 cm","2006",9,4429,4248.18,3,3,"pers. comm.",NA
"FACTS II - Aspen/Birch","Talhelm et al. 2009","0-10 cm","2007",10,4201.99,3893.59,3,3,"pers. comm.",NA
"FACTS II - Aspen/Birch","Talhelm et al. 2009","0-10 cm","2008",11,3438.65,3923.42,3,3,"pers. comm.",NA
"FACTS II - Aspen/Birch (+O3)","Talhelm et al. 2009","0-10 cm","2001",4,3268.46,3160.98,3,3,"pers. comm.",NA
"FACTS II - Aspen/Birch (+O3)","Talhelm et al. 2009","0-10 cm","2003",6,4058.62,3878.11,3,3,"pers. comm.",NA
"FACTS II - Aspen/Birch (+O3)","Talhelm et al. 2009","0-10 cm","2004",7,2942.85,3298.45,3,3,"pers. comm.",NA
"FACTS II - Aspen/Birch (+O3)","Talhelm et al. 2009","0-10 cm","2005",8,3619.59,3353.95,3,3,"pers. comm.",NA
"FACTS II - Aspen/Birch (+O3)","Talhelm et al. 2009","0-10 cm","2006",9,4080.14,4046.81,3,3,"pers. comm.",NA
"FACTS II - Aspen/Birch (+O3)","Talhelm et al. 2009","0-10 cm","2007",10,4002.27,4192.8,3,3,"pers. comm.",NA
"FACTS II - Aspen/Birch (+O3)","Talhelm et al. 2009","0-10 cm","2008",11,4147.33,3893.28,3,3,"pers. comm.",NA
"FACTS II - Aspen/Mapel","Talhelm et al. 2009","0-10 cm","2001",4,2829.2,3480.12,3,3,"pers. comm.",NA
"FACTS II - Aspen/Mapel","Talhelm et al. 2009","0-10 cm","2003",6,3385.21,3197.62,3,3,"pers. comm.",NA
"FACTS II - Aspen/Mapel","Talhelm et al. 2009","0-10 cm","2004",7,3135.93,3292.54,3,3,"pers. comm.",NA
"FACTS II - Aspen/Mapel","Talhelm et al. 2009","0-10 cm","2005",8,4124.96,3881.59,3,3,"pers. comm.",NA
"FACTS II - Aspen/Mapel","Talhelm et al. 2009","0-10 cm","2006",9,3989.99,3770.77,3,3,"pers. comm.",NA
"FACTS II - Aspen/Mapel","Talhelm et al. 2009","0-10 cm","2007",10,4070.86,4542.25,3,3,"pers. comm.",NA
"FACTS II - Aspen/Mapel","Talhelm et al. 2009","0-10 cm","2008",11,4001.76,4656.97,3,3,"pers. comm.",NA
"FACTS II - Aspen/Mapel (+O3)","Talhelm et al. 2009","0-10 cm","2001",4,3473.08,3340.9,3,3,"pers. comm.",NA
"FACTS II - Aspen/Mapel (+O3)","Talhelm et al. 2009","0-10 cm","2003",6,3549.41,2941.93,3,3,"pers. comm.",NA
"FACTS II - Aspen/Mapel (+O3)","Talhelm et al. 2009","0-10 cm","2004",7,3249.87,3234.07,3,3,"pers. comm.",NA
"FACTS II - Aspen/Mapel (+O3)","Talhelm et al. 2009","0-10 cm","2005",8,3597.09,3341.91,3,3,"pers. comm.",NA
"FACTS II - Aspen/Mapel (+O3)","Talhelm et al. 2009","0-10 cm","2006",9,4162,3704.11,3,3,"pers. comm.",NA
"FACTS II - Aspen/Mapel (+O3)","Talhelm et al. 2009","0-10 cm","2007",10,4045.34,3697.1,3,3,"pers. comm.",NA
"FACTS II - Aspen/Mapel (+O3)","Talhelm et al. 2009","0-10 cm","2008",11,4064.18,3791.54,3,3,"pers. comm.",NA
"GiFACE","Lenhart 2008","0-7.5 cm","may 1998",0,3412,3476,3,3,"fig. 3.13","assumed bulk density: 1.0 g/cm3"
"GiFACE","Lenhart 2008","0-7.5 cm","june 2007",9.08333333333333,3160,3195,3,3,"fig. 3.13","assumed bulk density: 1.0 g/cm3"
"Hohenheim","Marhan et al. 2010","0-10 cm","mar. 2004",2,1771,1763,5,5,"tab. 2",NA
"Hohenheim","Marhan et al. 2010","0-10 cm","oct. 2004",2.5,1654,1732,5,5,"tab. 2",NA
"Hohenheim","Marhan et al. 2010","0-10 cm","mar. 2005",3,1840,1764,5,5,"tab. 2",NA
"Hohenheim","Marhan et al. 2010","0-10 cm","oct. 2005",3.5,1570,1625,5,5,"tab. 2",NA
"Hohenheim","Marhan et al. 2010","0-10 cm","mar. 2006",4,1607,1757,5,5,"tab. 2",NA
"Hohenheim","Marhan et al. 2010","0-10 cm","oct. 2006",4.5,1665,1720,5,5,"tab. 2",NA
"Jasper Ridge - sandstone","Hungate et al. 1997","0-15 cm","jan. 1992",0,2625,2607,10,10,"fig. 1, pers. comm.",NA
"Jasper Ridge - sandstone","Hungate et al. 1997","0-15 cm","may 1993",1.41,2655.66929133858,2270.33070866142,10,10,"fig. 1, pers. comm.",NA
"Jasper Ridge - sandstone","Hungate et al. 1997","0-15 cm","may 1994",2.41,2212.96850393701,2416.58267716535,10,10,"fig. 1, pers. comm.",NA
"Jasper Ridge - sandstone","Hungate et al. 1997","0-15 cm","may 1995",3.41,2219.96062992126,2356.96062992126,10,10,"fig. 1, pers. comm.",NA
"Jasper Ridge - sandstone","Hungate et al. 1997","0-15 cm","may 1996",4.41,2435,2503,10,10,"fig. 1, pers. comm.",NA
"Jasper Ridge - sandstone","Hungate et al. 1997","0-15 cm","may 1997",5.41,2524,2788,10,10,"fig. 1, pers. comm.",NA
"JRGCE - Control","Hungate et al. unpublished","0-15 cm","2000",2,2460.74352914577,2404.24487919273,6,6,"pers. comm.",NA
"JRGCE - Control","Hungate et al. unpublished","0-15 cm","2006",8,2442.8607817376,2223.41249020178,6,6,"pers. comm.",NA
"JRGCE - Burn","Hungate et al. unpublished","0-15 cm","2000",2,2347.96311693709,2546.82108467828,4,4,"pers. comm.",NA
"JRGCE - Burn","Hungate et al. unpublished","0-15 cm","2006",8,2495.48291535818,2175.83059952771,4,4,"pers. comm.",NA
"JRGCE - N","Hungate et al. unpublished","0-15 cm","2000",2,2195.69288532535,2423.91938643096,6,6,"pers. comm.",NA
"JRGCE - N","Hungate et al. unpublished","0-15 cm","2006",8,2594.5509234564,2362.90866836256,6,6,"pers. comm.",NA
"JRGCE - N x Burn","Hungate et al. unpublished","0-15 cm","2000",2,2334.15936795258,2371.66101797247,4,4,"pers. comm.",NA
"JRGCE - N x Burn","Hungate et al. unpublished","0-15 cm","2006",8,2625.57989713719,2273.42255093841,4,4,"pers. comm.",NA
"JRGCE - Water","Hungate et al. unpublished","0-15 cm","2000",2,2385.47938283001,2329.04943113261,6,6,"pers. comm.",NA
"JRGCE - Water","Hungate et al. unpublished","0-15 cm","2006",8,2236.23864811702,2005.06238897407,6,6,"pers. comm.",NA
"JRGCE - Water x Burn","Hungate et al. unpublished","0-15 cm","2000",2,2478.88201854779,2475.04579165088,4,4,"pers. comm.",NA
"JRGCE - Water x Burn","Hungate et al. unpublished","0-15 cm","2006",8,2302.05474529562,2380.63663596969,4,4,"pers. comm.",NA
"JRGCE - Water x N","Hungate et al. unpublished","0-15 cm","2000",2,2280.72580269627,2340.72679461109,6,6,"pers. comm.",NA
"JRGCE - Water x N","Hungate et al. unpublished","0-15 cm","2006",8,2557.76500848768,2392.99679793403,6,6,"pers. comm.",NA
"JRGCE - Water x N x Burn","Hungate et al. unpublished","0-15 cm","2000",2,2286.40971995568,2633.69339236606,4,4,"pers. comm.",NA
"JRGCE - Water x N x Burn","Hungate et al. unpublished","0-15 cm","2006",8,2236.72355701207,2356.4527331483,4,4,"pers. comm.",NA
"JRGCE - Heat","Hungate et al. unpublished","0-15 cm","2000",2,2388.12383734422,2297.90743044408,6,6,"pers. comm.",NA
"JRGCE - Heat","Hungate et al. unpublished","0-15 cm","2006",8,2289.4527331483,2444.46279388493,6,6,"pers. comm.",NA
"JRGCE - Heat x N","Hungate et al. unpublished","0-15 cm","2000",2,2383.7793129353,2506.29471731008,6,6,"pers. comm.",NA
"JRGCE - Heat x N","Hungate et al. unpublished","0-15 cm","2006",8,2265.96661572415,2457.06480603225,6,6,"pers. comm.",NA
"JRGCE - Heat x Water","Hungate et al. unpublished","0-15 cm","2000",2,2263.79559997743,2321.91366584067,6,6,"pers. comm.",NA
"JRGCE - Heat x Water","Hungate et al. unpublished","0-15 cm","2006",8,2095.46037682674,2492.72476554117,6,6,"pers. comm.",NA
"JRGCE - Heat x Water x N","Hungate et al. unpublished","0-15 cm","2000",2,2430.20797432551,2368.4790931983,6,6,"pers. comm.",NA
"JRGCE - Heat x Water x N","Hungate et al. unpublished","0-15 cm","2006",8,2131.80041731783,2499.65675744295,6,6,"pers. comm.",NA
"Merritt Island","Hungate unpublished","0-10 cm","dec. 1996",0.624229979466119,1156.32013289157,1270.01911609036,8,8,"pers. comm.",NA
"Merritt Island","Hungate unpublished","0-10 cm","jun. 1998",2.08898015058179,1209.50146446809,1276.06297692,8,8,"pers. comm.",NA
"Merritt Island","Hungate unpublished","0-10 cm","jul. 1998",2.17111567419576,1267.55959839177,1284.71544697029,8,8,"pers. comm.",NA
"Merritt Island","Hungate unpublished","0-10 cm","aug. 1998",2.31074606433949,1313.10980257947,1291.81924477758,8,8,"pers. comm.",NA
"Merritt Island","Carney et al. 2007","0-10 cm","nov. 1998",2.54620123203285,1743.89594077118,1469.26494958637,8,8,"fig. 1, pers. comm.",NA
"Merritt Island","Carney et al. 2007","0-10 cm","sept. 1999",3.35660506502396,1835.74208498601,1730.49281796454,8,8,"fig. 1, pers. comm.",NA
"Merritt Island","Carney et al. 2007","0-10 cm","mar. 2001",4.87063655030801,2191.1727411131,1943.45975311261,8,8,"fig. 1, pers. comm.",NA
"Merritt Island","Carney et al. 2007","0-10 cm","may 2002",5.99863107460643,2160.46892453477,1752.70576405173,8,8,"fig. 1, pers. comm.",NA
"Merritt Island","Langley et al. 2009","0-10 cm","may 2002",6,2049,1648,8,8,"pers. comm.",NA
"Merritt Island","McKinley et al. unpublished","0-10 cm","may 2007",11,1474,1455.2,8,8,"pers. comm.",NA
"NewZealandFACE","Ross et al. 2004","0-5 cm","may/oct. 1997",0,2738,2488,3,3,"table 1","assumed bulk density: 1.0 g/cm3"
"NewZealandFACE","Ross et al. 2004","0-5 cm","may/oct. 1998",1,2634,2541,3,3,"table 1","assumed bulk density: 1.0 g/cm3"
"NewZealandFACE","Ross et al. 2004","0-5 cm","may/oct. 1999",2,2688,2549,3,3,"table 1","assumed bulk density: 1.0 g/cm3"
"NewZealandFACE","Ross et al. 2004","0-5 cm","may/oct. 2000",3,2722,2656,3,3,"table 1","assumed bulk density: 1.0 g/cm3"
"NewZealandFACE","Ross et al. 2004","0-5 cm","may/oct. 2001",4,2601,2349,3,3,"table 1","assumed bulk density: 1.0 g/cm3"
"NewZealandFACE","Ross et al. 2004","0-5 cm","may/oct. 2002",5,2534,2407,3,3,"table 1","assumed bulk density: 1.0 g/cm3"
"NewZealandFACE","Ross et al. 2013","0-5 cm","may/oct. 2003",6,2521.75,2451.82142857143,3,3,"fig. 3","assumed bulk density: 1.0 g/cm3"
"NewZealandFACE","Ross et al. 2013","0-5 cm","may/oct. 2004",7,2551.10714285714,2627.375,3,3,"fig. 3","assumed bulk density: 1.0 g/cm3"
"NewZealandFACE","Ross et al. 2013","0-5 cm","may/oct. 2005",8,2652.375,2574.375,3,3,"fig. 3","assumed bulk density: 1.0 g/cm3"
"NewZealandFACE","Ross et al. 2013","0-5 cm","may/oct. 2006",9,2719.14285714286,2796.875,3,3,"fig. 3","assumed bulk density: 1.0 g/cm3"
"NewZealandFACE","Ross et al. 2013","0-5 cm","may/oct. 2007",10,2737.875,2780.32142857143,3,3,"fig. 3","assumed bulk density: 1.0 g/cm3"
"New Zealand Greenhouse","Ross et al. 1995","0-5 cm","-",0,2177.24489795918,2190.44897959184,1,1,"fig. 2","assumed bulk density: 1.0 g/cm3"
"New Zealand Greenhouse","Ross et al. 1995","0-5 cm","-",0.25,2222.44897959184,2071.85714285714,1,1,"fig. 2","assumed bulk density: 1.0 g/cm3"
"New Zealand Greenhouse","Ross et al. 1995","0-5 cm","-",0.5,1873.38775510204,2028.59183673469,1,1,"fig. 2","assumed bulk density: 1.0 g/cm3"
"New Zealand Greenhouse","Ross et al. 1995","0-5 cm","-",0.75,1965.38775510204,1934,1,1,"fig. 2","assumed bulk density: 1.0 g/cm3"
"New Zealand OTC - P. radiata","Ross et al. 2006","0-10 cm","apr.1994",0,62,16,2,2,"fig. 2","assumed bulk density: 1.0 g/cm3"
"New Zealand OTC - P. radiata","Ross et al. 2006","0-10 cm","mar. 2000",6,434.688311688312,572.87012987013,2,2,"fig. 2","assumed bulk density: 1.0 g/cm3"
"New Zealand OTC - N. fusca","Ross et al. 2006","0-10 cm","apr.1994",0,189,134,3,3,"fig. 2","assumed bulk density: 1.0 g/cm3"
"New Zealand OTC - N. fusca","Ross et al. 2006","0-10 cm","mar. 2000",6,2430.76976341604,3459.61569532602,3,3,"fig. 2","assumed bulk density: 1.0 g/cm3"
"ORNL FACE","Jastrow et al. 2005","0-15 cm","oct. 1997",0,2722.7277486911,2813.09947643979,3,2,"fig. 1b",NA
"ORNL FACE","Jastrow et al. 2005","0-15 cm","nov. 2000",2.42,2746.8167539267,2907.49214659686,3,2,"fig. 1b",NA
"ORNL FACE","Jastrow et al. 2005","0-15 cm","oct. 2002",4.33,2714.3664921466,2962.89005235602,3,2,"fig. 1b",NA
"ORNL FACE","Iversen et al. 2012","0-15 cm","june 2009",11,3273,3898,3,2,"tab. 1",NA
"Placerville - low N","Johnson et al. 2006","0-30 cm","mar. 1991",0,8432,7967,3,3,"fig. 4",NA
"Placerville - low N","Johnson et al. 2006","0-30 cm","mar. 1993",1.75,7683,7564,3,3,"fig. 4",NA
"Placerville - low N","Johnson et al. 2006","0-30 cm","sept. 1996",5.5,7366,7504,3,3,"fig. 4",NA
"Placerville - medium N","Johnson et al. 2006","0-30 cm","mar. 1991",0,7871,7972,3,3,"fig. 4",NA
"Placerville - medium N","Johnson et al. 2006","0-30 cm","mar. 1993",1.75,7610,7887,3,3,"fig. 4",NA
"Placerville - medium N","Johnson et al. 2006","0-30 cm","sept. 1996",5.5,7465,8378,3,3,"fig. 4",NA
"Placerville - high N","Johnson et al. 2006","0-30 cm","mar. 1991",0,8005,7416,3,3,"fig. 4",NA
"Placerville - high N","Johnson et al. 2006","0-30 cm","mar. 1993",1.75,7449,8537,3,3,"fig. 4",NA
"Placerville - high N","Johnson et al. 2006","0-30 cm","sept. 1996",5.5,7425,8066,3,3,"fig. 4",NA
"POPFACE - alba","Hoosbeek et al. 2009","0-10 cm","oct. 1999",0,1385.76666666667,1159.03333333333,3,3,"fig. 5, pers. comm.",NA
"POPFACE - alba","Hoosbeek et al. 2009","0-10 cm","oct. 2000",1,1275.51833333333,1269.05833333333,3,3,"fig. 5, pers. comm.",NA
"POPFACE - alba","Hoosbeek et al. 2009","0-10 cm","oct. 2001",2,1503.40835,1366.05023333333,3,3,"fig. 5, pers. comm.",NA
"POPFACE - alba","Hoosbeek et al. 2009","0-10 cm","oct. 2003",4,1543.3773567039,1432.48957544274,3,3,"fig. 5, pers. comm.",NA
"POPFACE - alba","Hoosbeek et al. 2009","0-10 cm","oct. 2004",5,1559.9292,1392.63993333333,3,3,"fig. 5, pers. comm.",NA
"POPFACE - euramericana","Hoosbeek et al. 2009","0-10 cm","oct. 1999",0,1243.8,1148.23333333333,3,3,"fig. 5, pers. comm.",NA
"POPFACE - euramericana","Hoosbeek et al. 2009","0-10 cm","oct. 2000",1,1342.215,1296.325,3,3,"fig. 5, pers. comm.",NA
"POPFACE - euramericana","Hoosbeek et al. 2009","0-10 cm","oct. 2001",2,1358.20828333333,986.26115,3,3,"fig. 5, pers. comm.",NA
"POPFACE - euramericana","Hoosbeek et al. 2009","0-10 cm","oct. 2003",4,1593.56451378944,1499.2596072399,3,3,"fig. 5, pers. comm.",NA
"POPFACE - euramericana","Hoosbeek et al. 2009","0-10 cm","oct. 2004",5,1744.11177777778,1361.23926666667,3,3,"fig. 5, pers. comm.",NA
"POPFACE - nigra","Hoosbeek et al. 2009","0-10 cm","oct. 1999",0,1338.45,1174.25,3,3,"fig. 5, pers. comm.",NA
"POPFACE - nigra","Hoosbeek et al. 2009","0-10 cm","oct. 2000",1,1443.79833333333,1227.02666666667,3,3,"fig. 5, pers. comm.",NA
"POPFACE - nigra","Hoosbeek et al. 2009","0-10 cm","oct. 2001",2,1440.10996666667,1128.61515,3,3,"fig. 5, pers. comm.",NA
"POPFACE - nigra","Hoosbeek et al. 2009","0-10 cm","oct. 2003",4,1471.41407341818,1251.46500887004,3,3,"fig. 5, pers. comm.",NA
"POPFACE - nigra","Hoosbeek et al. 2009","0-10 cm","oct. 2004",5,1445.72306666667,1433.94695555556,3,3,"fig. 5, pers. comm.",NA
"Shortgrass prairie","Pendall et al. 2004","0-5 cm","nov. 1995",0,611,616,3,3,"appendix",NA
"Shortgrass prairie","Pendall et al. 2004","0-5 cm","end growing season  1997",1,591,532,3,3,"appendix",NA
"Shortgrass prairie","Pendall et al. 2004","0-5 cm","end growing season  1998",2,388,546,3,3,"appendix",NA
"Shortgrass prairie","Pendall et al. 2004","0-5 cm","end growing season  1999",3,539,535,3,3,"appendix",NA
"Shortgrass prairie","Pendall et al. 2004","0-5 cm","end growing season  2000",4,601,575,3,3,"appendix",NA
"SoyFACE","Moran and Jastrow 2010","0-12.5 cm","spring 2001",0,4761.88497060537,4144.97751084964,3,3,"pers. comm.","assumed bulk density: 1.24 g/cm3. 1  ring removed from dataset"
"SoyFACE","Moran and Jastrow 2010","0-12.5 cm","spring 2006",5,4620.12158082426,4128.96727764606,3,3,"pers. comm.","assumed bulk density: 1.23 g/cm3. 1 ring removed from dataset"
"SoyFACE","Moran and Jastrow 2010","0-12.5 cm","spring 2007",6,4361.46763989329,3805.17395063241,3,3,"pers. comm.","assumed bulk density: 1.19 g/cm3. 1 ring removed from dataset"
"SwissFACE- grass - low N","Van Kessel et al. 2006","0-10 cm","may 1995",2,2971.48,2761.72,3,3,"pers. comm.",NA
"SwissFACE- grass - low N","Van Kessel et al. 2006","0-10 cm","may 1996",3,2884,3489,3,3,"pers. comm.",NA
"SwissFACE- grass - low N","Van Kessel et al. 2006","0-10 cm","may 1997",4,2946.81546474911,2864.48937307427,3,3,"pers. comm.",NA
"SwissFACE- grass - low N","Van Kessel et al. 2006","0-10 cm","may 1998",5,3232.60373476909,3442.17063772926,3,3,"pers. comm.",NA
"SwissFACE- grass - low N","Van Kessel et al. 2006","0-10 cm","may 1999",6,2994.50919849634,3018.05612147191,3,3,"pers. comm.",NA
"SwissFACE- grass - low N","Van Kessel et al. 2006","0-10 cm","may 2000",7,2699.8935915535,2761.91075557766,3,3,"pers. comm.",NA
"SwissFACE- grass - low N","Van Kessel et al. 2006","0-10 cm","may 2001",8,3739.96166909981,3798.84503038281,3,3,"pers. comm.",NA
"SwissFACE- grass - low N","Van Kessel et al. 2006","0-10 cm","may 2002",9,3284.4,3503.3,3,3,"pers. comm.",NA
"SwissFACE- grass - low N","Van Kessel et al. 2006","0-10 cm","may 2003",10,3234.94587444741,3105.33674555083,3,3,"pers. comm.",NA
"SwissFACE- grass - high N","Van Kessel et al. 2006","0-10 cm","may 1995",2,3468,3215.8,3,3,"pers. comm.",NA
"SwissFACE- grass - high N","Van Kessel et al. 2006","0-10 cm","may 1996",3,3009,3814,3,3,"pers. comm.",NA
"SwissFACE- grass - high N","Van Kessel et al. 2006","0-10 cm","may 1997",4,3137.67101368316,3122.9462886496,3,3,"pers. comm.",NA
"SwissFACE- grass - high N","Van Kessel et al. 2006","0-10 cm","may 1998",5,3499.43390767928,3667.4888709976,3,3,"pers. comm.",NA
"SwissFACE- grass - high N","Van Kessel et al. 2006","0-10 cm","may 1999",6,2889.9933519521,3042.59573811067,3,3,"pers. comm.",NA
"SwissFACE- grass - high N","Van Kessel et al. 2006","0-10 cm","may 2000",7,2861.11907509505,2546.79351454589,3,3,"pers. comm.",NA
"SwissFACE- grass - high N","Van Kessel et al. 2006","0-10 cm","may 2001",8,3366.5196177188,3134.8346995461,3,3,"pers. comm.",NA
"SwissFACE- grass - high N","Van Kessel et al. 2006","0-10 cm","may 2002",9,3348,3472.6,3,3,"pers. comm.",NA
"SwissFACE- grass - high N","Van Kessel et al. 2006","0-10 cm","may 2003",10,3307.86757655984,3251.85925261345,3,3,"pers. comm.",NA
"SwissFACE- clover - low N","Van Kessel et al. 2006","0-10 cm","may 1995",2,2803.36,2862.4,3,3,"pers. comm.",NA
"SwissFACE- clover - low N","Van Kessel et al. 2006","0-10 cm","may 1996",3,2979,3558,3,3,"pers. comm.",NA
"SwissFACE- clover - low N","Van Kessel et al. 2006","0-10 cm","may 1997",4,2818.24409945582,2908.74697904152,3,3,"pers. comm.",NA
"SwissFACE- clover - low N","Van Kessel et al. 2006","0-10 cm","may 1998",5,2938.63826153607,3258.55381760653,3,3,"pers. comm.",NA
"SwissFACE- clover - low N","Van Kessel et al. 2006","0-10 cm","may 1999",6,2848.04560593007,2811.96122579272,3,3,"pers. comm.",NA
"SwissFACE- clover - low N","Van Kessel et al. 2006","0-10 cm","may 2000",7,2627.99111048472,3013.15245665973,3,3,"pers. comm.",NA
"SwissFACE- clover - low N","Van Kessel et al. 2006","0-10 cm","may 2001",8,3366.76970484475,3224.70704505265,3,3,"pers. comm.",NA
"SwissFACE- clover - low N","Van Kessel et al. 2006","0-10 cm","may 2002",9,2963,3571.6,3,3,"pers. comm.",NA
"SwissFACE- clover - low N","Van Kessel et al. 2006","0-10 cm","may 2003",10,2903.16169632247,3025.61880973095,3,3,"pers. comm.",NA
"SwissFACE- clover - high N","Van Kessel et al. 2006","0-10 cm","may 1995",2,2869.12,3448.68,3,3,"pers. comm.",NA
"SwissFACE- clover - high N","Van Kessel et al. 2006","0-10 cm","may 1996",3,3186,3606,3,3,"pers. comm.",NA
"SwissFACE- clover - high N","Van Kessel et al. 2006","0-10 cm","may 1997",4,2626.72548217912,2946.51629255846,3,3,"pers. comm.",NA
"SwissFACE- clover - high N","Van Kessel et al. 2006","0-10 cm","may 1998",5,3234.35606802841,3310.90268528255,3,3,"pers. comm.",NA
"SwissFACE- clover - high N","Van Kessel et al. 2006","0-10 cm","may 1999",6,2841.61425624118,3101.06572754644,3,3,"pers. comm.",NA
"SwissFACE- clover - high N","Van Kessel et al. 2006","0-10 cm","may 2000",7,2730.05171333197,2346.37745397213,3,3,"pers. comm.",NA
"SwissFACE- clover - high N","Van Kessel et al. 2006","0-10 cm","may 2001",8,3612.46590199302,3626.55822876891,3,3,"pers. comm.",NA
"SwissFACE- clover - high N","Van Kessel et al. 2006","0-10 cm","may 2002",9,3154,3549.1,3,3,"pers. comm.",NA
"SwissFACE- clover - high N","Van Kessel et al. 2006","0-10 cm","may 2003",10,2947.05886336855,3185.60089018741,3,3,"pers. comm.",NA
"Swiss Greenhouse","Körner and Arnone 1992","0-20 cm","-",0,1340,1302,2,2,"table 4",NA
"Swiss Greenhouse","Körner and Arnone 1992","0-20 cm","-",0.25,1228,996,2,2,"table 4",NA
"Tallgrass Prairie","Rice et al. 1994","0-5 cm","nov. 1992",2.5,3081.3,2905.75,3,3,"table 1","bulk density = 0.93 g/cm3 (Williams et al. 2000)"
"Tallgrass Prairie","Williams et al. 2000","0-5 cm","oct. 1996",8,2264.85,2320.5,3,3,"table 1","bulk density = 0.93 g/cm3 (Williams et al. 2000)"
"UMBS - aspen","Zak et al. 1993","0-15 cm","may 1991",0,364.55,233.55,4,4,"table 2","assumed bulk density: 1.0 g/cm3"
"UMBS - aspen","Zak et al. 1993","0-15 cm","oct. 1991",0.5,156.5,232.5,4,4,"table 2","assumed bulk density: 1.0 g/cm3"
"WSL - loam, low N","Hagedorn et al. 2001","0-10 cm","jan. 1995",0,1338,1380,4,4,"fig. 4, pers. comm.","assumed bulk density: 1.0 g/cm3"
"WSL - loam, low N","Hagedorn et al. 2001","0-10 cm","sept. 1998",3.75,1286.02037155628,1418.39265143871,4,4,"fig. 4, pers. comm.","assumed bulk density: 1.0 g/cm3"
"WSL - loam, high N","Hagedorn et al. 2001","0-10 cm","jan. 1995",0,1347,1289,4,4,"fig. 4, pers. comm.","assumed bulk density: 1.0 g/cm3"
"WSL - loam, high N","Hagedorn et al. 2001","0-10 cm","sept. 1998",3.75,1578.52719438076,1607.90847098827,4,4,"fig. 4, pers. comm.","assumed bulk density: 1.0 g/cm3"
"WSL - sand, low N","Hagedorn et al. 2001","0-10 cm","jan. 1995",0,1287,1294,4,4,"fig. 4, pers. comm.","assumed bulk density: 1.0 g/cm3"
"WSL - sand, low N","Hagedorn et al. 2001","0-10 cm","sept. 1998",3.75,1251.84413712867,1240.14943339582,4,4,"fig. 4, pers. comm.","assumed bulk density: 1.0 g/cm3"
"WSL - sand, high N","Hagedorn et al. 2001","0-10 cm","jan. 1995",0,1348,1278,4,4,"fig. 4, pers. comm.","assumed bulk density: 1.0 g/cm3"
"WSL - sand, high N","Hagedorn et al. 2001","0-10 cm","sept. 1998",3.75,1104.17395645784,1117.42700735351,4,4,"fig. 4, pers. comm.","assumed bulk density: 1.0 g/cm3"
